id, name,email,dob,phone,address
1,Dorice,@yopmail.com,04-Sep-81,Donnie,Yerevan
2,Olwen,@yopmail.com,21-Nov-61,Margette,Gdańsk
3,Ruthe,@yopmail.com,13-Nov-05,Rosaline,Hamburg
4,Marleah,@yopmail.com,06-Nov-89,Lenna,Antofagasta
5,Ericka,@yopmail.com,07-Mar-31,Hannis,Gdańsk
6,Jsandye,@yopmail.com,07-Oct-31,Agnese,Port Louis
7,Ellette,@yopmail.com,04-Nov-68,Shaine,Nagpur
8,Fawne,@yopmail.com,29-Aug-77,Lexine,Gdańsk
9,Perry,@yopmail.com,11-Jul-70,Livvyy,George Town
10,Ardeen,@yopmail.com,26-Aug-84,Alie,Karachi
11,Daryl,@yopmail.com,31-May-79,Correy,Puebla
12,Tomasina,@yopmail.com,24-Dec-42,Antonietta,Boa Vista
13,Raf,@yopmail.com,10-Apr-94,Keelia,Marrakech
14,Viki,@yopmail.com,12-Apr-46,Karlee,São Tomé
15,Kore,@yopmail.com,03-Dec-88,Isa,Geneva
16,Marnia,@yopmail.com,15-Mar-21,Elie,Roseau
17,Janis,@yopmail.com,20-Sep-52,Corina,Campo Grande
18,Lorie,@yopmail.com,15-Oct-44,Mallory,Faisalabad
19,Jany,@yopmail.com,07-Oct-08,Marjie,Santiago de Cuba
20,Lonnie,@yopmail.com,07-May-48,Althea,Batticaloa
21,Isa,@yopmail.com,03-Sep-46,Gui,Cologne
22,Madalyn,@yopmail.com,26-Mar-67,Lily,Rio de Janeiro
23,Teriann,@yopmail.com,17-Dec-98,Di,Porto Velho
24,Mellicent,@yopmail.com,26-Sep-11,Dede,Brussels
25,Sue,@yopmail.com,17-Dec-22,Nelle,Medan
26,Agathe,@yopmail.com,11-Aug-32,Dorthy,Saint-Pierre
27,Meghann,@yopmail.com,05-Jun-12,Babita,George Town
28,Myrtice,@yopmail.com,04-Nov-12,Flory,Kawasaki
29,Kristan,@yopmail.com,14-Jul-92,Rhoda,Longyearbyen
30,Ketti,@yopmail.com,29-Jul-04,Adelle,Shillong
31,Alleen,@yopmail.com,26-Sep-93,Emylee,Adana
32,Hallie,@yopmail.com,18-Jan-44,Layla,Nanjing
33,Madalyn,@yopmail.com,12-Jul-16,Tressa,Santo Domingo
34,Melanie,@yopmail.com,25-Mar-38,Florie,Srinagar
35,Cherilyn,@yopmail.com,19-Jul-51,Amelia,Montreal
36,Nanete,@yopmail.com,20-Aug-52,Tori,Kaohsiung
37,Dorene,@yopmail.com,12-Oct-15,Tonia,Oslo
38,Kalina,@yopmail.com,02-Feb-31,Carree,Ludhiana
39,Yolane,@yopmail.com,14-Mar-01,Janis,Madrid
40,Danny,@yopmail.com,21-Mar-14,Clementine,Zamboanga City
41,Paule,@yopmail.com,11-May-12,Silvana,Pekanbaru
42,Sharlene,@yopmail.com,26-Apr-55,Brana,Yakutsk
43,Caryl,@yopmail.com,20-Dec-22,Farrah,Osaka
44,Corene,@yopmail.com,29-Jul-66,Meghann,Sapporo
45,Verla,@yopmail.com,24-Jun-94,Brena,Tunis
46,Cindelyn,@yopmail.com,12-Jul-18,Roseline,Madrid
47,Abbie,@yopmail.com,05-Feb-08,Bobinette,São Paulo
48,Lesly,@yopmail.com,14-Oct-20,Arabel,Bloemfontein
49,Christal,@yopmail.com,24-Apr-22,Bernie,Cairo
50,Mallory,@yopmail.com,07-Nov-14,Rochette,Jayapura
51,Gerianna,@yopmail.com,13-Sep-51,Gianina,Konya
52,Kerrin,@yopmail.com,03-Dec-66,Brianna,Surabaya
53,Viviene,@yopmail.com,04-Dec-27,Beth,Semarang
54,Romona,@yopmail.com,21-May-74,Tami,Nizhny Novgorod
55,Nariko,@yopmail.com,06-Apr-18,Sandie,Maceió
56,Edyth,@yopmail.com,24-Apr-16,Harrietta,Vienna
57,Annaliese,@yopmail.com,16-Jan-95,Minne,Norilsk
58,Gertrud,@yopmail.com,31-Jan-39,Neila,Prague
59,Sindee,@yopmail.com,28-Apr-46,Dale,Hyderabad
60,Lorenza,@yopmail.com,15-Jun-06,Helena,Ulan Bator
61,Madelle,@yopmail.com,01-Oct-70,Merle,Padang
62,Cissiee,@yopmail.com,20-Nov-41,Janeczka,Brisbane
63,Lucy,@yopmail.com,01-Sep-14,Celisse,Makassar
64,Constance,@yopmail.com,20-Dec-39,Dode,Sabha
65,Dode,@yopmail.com,22-Feb-25,Aeriela,Wichita
66,Paola,@yopmail.com,29-Oct-71,Justinn,Accra
67,Dolli,@yopmail.com,05-May-99,Mahalia,Enugu
68,Viviene,@yopmail.com,04-Jan-41,Maud,Zamboanga City
69,Cathie,@yopmail.com,28-Nov-12,Lusa,Atlanta
70,Rosene,@yopmail.com,09-Jul-35,Lesly,Chuí
71,Cathyleen,@yopmail.com,12-Jan-03,Caryl,Birmingham
72,Lenna,@yopmail.com,02-May-25,Ottilie,Port Louis
73,Tera,@yopmail.com,06-Jan-72,Eugine,Beirut
74,Sashenka,@yopmail.com,15-Jun-61,Carmencita,Manzini
75,Lily,@yopmail.com,09-Aug-36,Mara,Phuket (city)
76,Robbi,@yopmail.com,14-Mar-91,Hannis,Cuiabá
77,Sharlene,@yopmail.com,01-Jun-65,Malina,Maputo
78,Dede,@yopmail.com,15-Dec-44,Stephanie,Cartagena
79,Hope,@yopmail.com,27-Jun-05,Jinny,Luanda
80,Flory,@yopmail.com,16-Jan-52,Starla,San Diego
81,Hallie,@yopmail.com,28-Apr-98,Mureil,Manama
82,Lisette,@yopmail.com,02-Nov-09,Myriam,Wonsan
83,Elyssa,@yopmail.com,12-Mar-03,Ira,Nizhny Novgorod
84,Cathie,@yopmail.com,24-Aug-58,Micheline,Ibadan
85,Lonnie,@yopmail.com,23-Feb-89,Roz,Tianjin
86,Belinda,@yopmail.com,13-Mar-44,Bernardine,Simferopol
87,Jenda,@yopmail.com,23-Dec-98,Ottilie,Stepanakert
88,Miquela,@yopmail.com,13-Jul-58,Adelle,Port Moresby
89,Addia,@yopmail.com,20-Apr-69,Rivalee,Kabul
90,Lolita,@yopmail.com,21-Dec-79,Aili,Kuala Lumpur
91,Tani,@yopmail.com,14-Dec-54,Pollyanna,Chittagong
92,Monika,@yopmail.com,18-Jan-58,Caritta,Hargeisa
93,Lanna,@yopmail.com,29-Dec-38,Vevay,Lyon
94,Konstance,@yopmail.com,01-Jul-44,Merry,Kuching
95,Lanna,@yopmail.com,10-Sep-79,Sharlene,Shenyang
96,Alisha,@yopmail.com,01-Jan-99,Lolita,San Diego
97,Celisse,@yopmail.com,11-Sep-21,Atlanta,Beirut
98,Ekaterina,@yopmail.com,14-Dec-14,Minda,Shanghai
99,Kalina,@yopmail.com,12-Sep-04,Anica,Papeete
100,Florencia,@yopmail.com,03-Feb-19,Belinda,Buffalo
101,Marguerite,@yopmail.com,25-May-04,Dolli,Kota Bharu
102,Kathi,@yopmail.com,23-Nov-09,Karina,Lisbon
103,Hyacinthe,@yopmail.com,09-Nov-93,Corene,Melbourne
104,Gloria,@yopmail.com,20-Jul-09,Estell,Linz
105,Carmela,@yopmail.com,01-Jun-62,Albertina,Oslo
106,Fina,@yopmail.com,23-Aug-38,Delilah,Tirana
107,Aaren,@yopmail.com,04-Apr-05,Catharine,Athens
108,Mariele,@yopmail.com,17-Jun-45,Kimberley,Shenzhen
109,Orsola,@yopmail.com,22-Mar-05,Teriann,San José
110,Marnia,@yopmail.com,18-Oct-94,Natka,Sabha
111,Rochette,@yopmail.com,04-Nov-66,Amara,Amritsar
112,Joy,@yopmail.com,01-May-75,Aurelie,Jakarta
113,Adele,@yopmail.com,01-Mar-17,Babita,Magadan
114,Melisent,@yopmail.com,05-May-59,Paule,Namangan
115,Ermengarde,@yopmail.com,15-May-05,Beatriz,Colombo
116,Roseline,@yopmail.com,22-Oct-14,Joleen,Maputo
117,Cordi,@yopmail.com,19-Jan-33,Adriana,Ankara
118,Emelina,@yopmail.com,18-Mar-49,Ashlee,Busan
119,Dede,@yopmail.com,09-Sep-84,Leona,Batticaloa
120,Gaylene,@yopmail.com,22-Sep-03,Dulcinea,Freetown
121,Lorne,@yopmail.com,26-May-43,Jobi,İzmir
122,Tomasina,@yopmail.com,29-Feb-08,Loree,Albuquerque
123,Fanchon,@yopmail.com,19-Oct-06,Rosene,Stanley
124,Paule,@yopmail.com,30-Jan-53,Cecile,Córdoba
125,Deloria,@yopmail.com,19-Jul-42,Penelopa,Tel Aviv
126,Hope,@yopmail.com,24-Sep-36,Willetta,Seville
127,Dorthy,@yopmail.com,31-Jul-21,Joleen,Murmansk
128,Pearline,@yopmail.com,02-Jun-03,Loree,Darwin
129,Tonia,@yopmail.com,03-Jul-11,Averyl,Road Town
130,Celestyna,@yopmail.com,17-Nov-15,Danny,Cologne
131,Lynde,@yopmail.com,10-Oct-01,Lizzie,Darwin
132,Tybie,@yopmail.com,15-Aug-30,Heddie,Santa Cruz de Tenerife
133,Ardeen,@yopmail.com,28-Feb-26,Fanchon,Monterrey
134,Di,@yopmail.com,10-Dec-10,Sophia,Perm
135,Anthia,@yopmail.com,20-Jun-26,Kittie,Murmansk
136,Emma,@yopmail.com,02-Jan-67,Sue,Mwanza
137,Anthia,@yopmail.com,13-Oct-10,Jillayne,Tijuana
138,Gianina,@yopmail.com,16-Aug-08,Monika,Porto Alegre
139,Brooks,@yopmail.com,17-Aug-43,Tina,Nantes
140,Dyann,@yopmail.com,20-Nov-70,Wanda,Invercargill
141,Feliza,@yopmail.com,02-Sep-77,Minda,Freetown
142,Karina,@yopmail.com,21-Jul-60,Jolyn,Townsville
143,Brandise,@yopmail.com,08-Dec-64,Chloris,Suva
144,Raina,@yopmail.com,29-Dec-46,Celene,Budapest
145,Janeczka,@yopmail.com,21-Nov-96,Ayn,San José
146,Margalo,@yopmail.com,12-Dec-08,Sissy,Amritsar
147,Nollie,@yopmail.com,17-Dec-65,Helena,Port Vila
148,Nadine,@yopmail.com,28-Mar-60,Valera,Salzburg
149,Ermengarde,@yopmail.com,17-Nov-00,Gwyneth,Harbin
150,Pamella,@yopmail.com,10-Mar-14,Gwenneth,Iquitos
151,Cathyleen,@yopmail.com,22-Sep-21,Devina,Kiev
152,Mignon,@yopmail.com,14-May-07,Dyann,Hong Kong
153,Ebonee,@yopmail.com,23-Nov-36,Kial,Montreal
154,Heida,@yopmail.com,26-Dec-19,Madelle,Longyearbyen
155,Karena,@yopmail.com,28-Dec-45,Nerta,Managua
156,Kimmy,@yopmail.com,17-Jun-17,Brietta,Bamako
157,Emelina,@yopmail.com,13-Dec-64,Gale,Cannes
158,Tressa,@yopmail.com,30-Aug-24,Amii,Arbil
159,Beth,@yopmail.com,14-Feb-52,Tobe,Rawalpindi
160,Wileen,@yopmail.com,18-Nov-68,Jolyn,Dubai
161,Modestia,@yopmail.com,02-Jun-03,Paule,Roseau
162,Leeanne,@yopmail.com,11-Mar-13,Molli,Conakry
163,Winny,@yopmail.com,23-Apr-68,Pearline,Papeete
164,Ebonee,@yopmail.com,31-Oct-31,Zia,Naypyidaw
165,Devina,@yopmail.com,02-Jul-19,Sindee,Macau
166,Lelah,@yopmail.com,22-Dec-43,Augustine,Memphis
167,Dione,@yopmail.com,17-Dec-01,Imojean,Basra
168,Wynne,@yopmail.com,11-Aug-96,Kara-Lynn,Castries
169,Debee,@yopmail.com,23-Jan-27,Alyda,Patna
170,Reeba,@yopmail.com,18-Feb-01,Chickie,Siem Reap
171,Inga,@yopmail.com,07-Oct-02,Ingrid,Frankfurt
172,Ebonee,@yopmail.com,25-Apr-69,Livvyy,Yogyakarta (city)
173,Aili,@yopmail.com,27-Dec-74,Valeda,Surabaya
174,Daune,@yopmail.com,26-Oct-48,Brana,Kiev
175,Gusella,@yopmail.com,08-Sep-53,Sarette,Maputo
176,Sindee,@yopmail.com,12-Jun-14,Berget,Hargeisa
177,Lauryn,@yopmail.com,27-Dec-53,Kellen,Bogor
178,Natka,@yopmail.com,07-Mar-96,Valeda,Zagreb
179,Arlina,@yopmail.com,25-Aug-92,Shaylyn,Pekanbaru
180,Jaclyn,@yopmail.com,12-Jan-13,Adelle,Recife
181,Taffy,@yopmail.com,13-May-43,Ardys,Adak
182,Zsa Zsa,@yopmail.com,02-May-51,Jobi,Toulouse
183,Annora,@yopmail.com,02-Apr-50,Merry,Yellowknife
184,Brena,@yopmail.com,19-Dec-47,Lesly,Nashville
185,Carly,@yopmail.com,13-Feb-09,Coral,Namangan
186,Regina,@yopmail.com,30-Nov-96,Georgetta,Marrakech
187,Dawn,@yopmail.com,19-Dec-08,Willetta,Nuuk
188,Lizzie,@yopmail.com,03-Feb-11,Gale,Naypyidaw
189,Estell,@yopmail.com,01-Jul-79,Maye,Kraków
190,Sonni,@yopmail.com,22-Apr-62,Vita,Qingdao
191,Evaleen,@yopmail.com,01-Jul-29,Jenilee,Nakhon Ratchasima
192,Jacenta,@yopmail.com,24-Feb-04,Max,Panama City
193,Edyth,@yopmail.com,21-Jul-18,Celene,San Juan
194,Alejandra,@yopmail.com,12-Nov-30,Gisela,Buffalo
195,Rani,@yopmail.com,04-Mar-60,Vanessa,Chihuahua
196,Shirlee,@yopmail.com,26-Jun-97,Elsie,Mumbai
197,Lory,@yopmail.com,03-Sep-03,Ursulina,Konya
198,Valeda,@yopmail.com,05-Sep-03,Janey,Bilbao
199,Aigneis,@yopmail.com,15-May-08,Andree,Perth
200,Jasmina,@yopmail.com,01-Jul-70,Yolane,Beirut
201,Paola,@yopmail.com,26-Jul-34,Cristabel,Iquique
202,Raina,@yopmail.com,30-Mar-61,Sonni,Surabaya
203,Paola,@yopmail.com,18-Nov-22,Eadie,Novosibirsk
204,Fernande,@yopmail.com,20-Feb-41,Thalia,St. John's
205,Valeda,@yopmail.com,09-Mar-20,Sherrie,Pune
206,Gisela,@yopmail.com,14-Mar-74,Johna,Málaga
207,Modestia,@yopmail.com,10-Oct-10,Donetta,Tokyo
208,Gaylene,@yopmail.com,08-Aug-88,Letizia,Ashgabat
209,Molli,@yopmail.com,23-Apr-40,Lesly,Arequipa
210,Agnese,@yopmail.com,14-Feb-71,Micheline,Birmingham
211,Oona,@yopmail.com,18-Sep-06,Joceline,Algiers
212,Nananne,@yopmail.com,18-May-76,Ofilia,Hyderabad
213,Alleen,@yopmail.com,19-Mar-36,Feliza,Vaduz
214,Clo,@yopmail.com,08-Nov-24,Carilyn,Aarhus
215,Alameda,@yopmail.com,01-Dec-32,Edee,Semarang
216,Rani,@yopmail.com,07-Jul-14,Glenda,Port Louis
217,Margalo,@yopmail.com,01-Jun-09,Viki,Detroit
218,Yetty,@yopmail.com,08-Dec-07,Clarice,Mamoudzou
219,Deloria,@yopmail.com,16-Feb-16,Merry,Avarua
220,Natka,@yopmail.com,15-Mar-69,Agnese,Regina
221,Josephine,@yopmail.com,30-Mar-77,Gale,Colombo
222,Lynea,@yopmail.com,16-Jan-38,Adelle,Tartu
223,Britni,@yopmail.com,02-Dec-41,Gui,Fort-de-France
224,Jerry,@yopmail.com,10-Jan-55,Rhea,Lobamba
225,Viki,@yopmail.com,19-May-61,Elvira,Puerto Williams
226,Orsola,@yopmail.com,24-Jan-44,Emylee,Concepción
227,Charmaine,@yopmail.com,17-May-35,Ardenia,Chiang Mai
228,Tera,@yopmail.com,17-Sep-91,Hollie,Bergen
229,Janis,@yopmail.com,25-Aug-32,Ebonee,Port Moresby
230,Caressa,@yopmail.com,13-Mar-39,Carolina,Yokohama
231,Micheline,@yopmail.com,25-Feb-58,Paola,Pittsburgh
232,Gerianna,@yopmail.com,12-Oct-97,Celene,Dakar
233,Adelle,@yopmail.com,25-Jun-78,Eugine,Innsbruck
234,Sissy,@yopmail.com,05-Dec-08,Lolita,Caracas
235,Luci,@yopmail.com,09-Jul-86,Zaria,Jeddah
236,Suzette,@yopmail.com,10-Jul-79,Jan,Balikpapan
237,Alejandra,@yopmail.com,16-Dec-37,Bernardine,Budapest
238,Concettina,@yopmail.com,24-Apr-47,Dominga,Puerto Williams
239,Camile,@yopmail.com,03-Nov-63,Georgetta,Xi'an
240,Leeanne,@yopmail.com,16-Jan-23,Shell,Banda Aceh
241,Yolane,@yopmail.com,03-Mar-88,Inga,Bursa
242,Janeczka,@yopmail.com,29-Jul-98,Priscilla,Gaziantep
243,Iseabal,@yopmail.com,25-Jun-89,Eolanda,Antananarivo
244,Sissy,@yopmail.com,07-Jan-07,Adriana,Wollongong
245,Rosaline,@yopmail.com,20-Oct-58,Ulrike,Jeddah
246,Camile,@yopmail.com,04-Apr-73,Deloria,Manchester
247,Corina,@yopmail.com,11-May-79,Ira,Bandung
248,Bernardine,@yopmail.com,17-Dec-13,Shirlee,Balikpapan
249,Joy,@yopmail.com,14-Jun-89,Edith,Porto Alegre
250,Gabi,@yopmail.com,06-Feb-95,Kaja,Dubai
251,Augustine,@yopmail.com,15-Oct-09,Starla,Liverpool
252,Emma,@yopmail.com,03-Apr-22,Dode,Valparaíso
253,Chloris,@yopmail.com,19-Aug-07,Aeriela,Oklahoma City
254,Augustine,@yopmail.com,17-Mar-26,Viki,Tripoli
255,Rayna,@yopmail.com,28-Dec-18,Sadie,Cardiff
256,Angelique,@yopmail.com,20-May-16,Pearline,Maracaibo
257,Cyndie,@yopmail.com,06-Oct-25,Sidoney,Malmö
258,Alameda,@yopmail.com,17-Apr-69,Fredericka,Koror
259,Deedee,@yopmail.com,17-Mar-57,Damaris,Apia
260,Elise,@yopmail.com,06-Apr-31,Fina,Chittagong
261,Fredericka,@yopmail.com,29-Mar-75,Lanae,Bujumbura
262,Audrie,@yopmail.com,28-Dec-46,Nananne,Adelaide
263,Cyndie,@yopmail.com,27-Nov-97,Adele,Guangzhou
264,Louella,@yopmail.com,21-Oct-79,Catharine,Johannesburg
265,Mary,@yopmail.com,18-Feb-01,Agnese,Phnom Penh
266,Sallie,@yopmail.com,17-Jul-15,Olwen,Avarua
267,Corly,@yopmail.com,04-Sep-10,Jenda,Greenwich
268,Binny,@yopmail.com,17-Feb-42,Angelique,Libreville
269,Tatiania,@yopmail.com,15-Jun-16,Deirdre,Vatican City
270,Cherrita,@yopmail.com,21-Jun-99,Tami,Edinburgh
271,Anica,@yopmail.com,04-Nov-52,Wendi,Yokohama
272,Netty,@yopmail.com,05-Jul-00,Theodora,Taichung
273,Molli,@yopmail.com,10-Dec-00,Janeczka,El Paso
274,Deane,@yopmail.com,16-Jun-16,Winny,Warsaw
275,Mariele,@yopmail.com,22-Jan-11,Lizzie,Fairbanks
276,Ronna,@yopmail.com,14-Aug-46,Di,Quebec City
277,Annora,@yopmail.com,17-Feb-22,Kelly,Las Palmas de Gran Canaria
278,Ayn,@yopmail.com,04-Aug-41,Shirlee,Algiers
279,Edyth,@yopmail.com,29-Mar-30,Yvonne,Amman
280,Daryl,@yopmail.com,19-Aug-68,Alyda,Graz
281,Ermengarde,@yopmail.com,24-Feb-58,Jean,Toronto
282,Jolyn,@yopmail.com,30-Sep-04,Adelle,Yaren District
283,Cacilie,@yopmail.com,05-Nov-86,Bettine,Mashhad
284,Letizia,@yopmail.com,26-Aug-16,Dyann,Livingstone
285,Carmela,@yopmail.com,11-Jul-06,Mathilda,Hobart
286,Carlie,@yopmail.com,02-Oct-76,Leeanne,Dallas
287,Krystle,@yopmail.com,24-Nov-05,Susan,Conakry
288,Noelle,@yopmail.com,26-Mar-07,Ezmeralda,Newcastle
289,Fawne,@yopmail.com,24-Mar-95,Caressa,Rockhampton
290,Tybie,@yopmail.com,10-Dec-42,Mathilda,Gothenburg
291,Lelah,@yopmail.com,07-Apr-06,Marita,Seoul
292,Reeba,@yopmail.com,04-May-69,Anica,Hobart
293,Lynea,@yopmail.com,03-Jun-38,Emma,Bilbao
294,Kenna,@yopmail.com,23-Mar-93,Riannon,Amritsar
295,Alex,@yopmail.com,18-Feb-45,Elka,Brasília
296,Sabina,@yopmail.com,18-May-14,Ariela,Patna
297,Phylis,@yopmail.com,17-Jun-81,Hermione,Konya
298,Netty,@yopmail.com,04-Feb-36,Pollyanna,Maracaibo
299,Jessy,@yopmail.com,09-Dec-62,Emilia,Bandung
300,Ilse,@yopmail.com,09-Dec-46,Celisse,Brussels
301,Edee,@yopmail.com,04-Jul-55,Althea,Chihuahua
302,Nataline,@yopmail.com,09-Nov-60,Emilia,Muscat
303,Angelique,@yopmail.com,06-Dec-14,Ursulina,Málaga
304,Belinda,@yopmail.com,07-Feb-16,Leanna,Tehran
305,Ardenia,@yopmail.com,05-Apr-03,Lory,Nagpur
306,Sidoney,@yopmail.com,14-Aug-22,Veda,Charlotte Amalie
307,Hildegaard,@yopmail.com,09-Jul-92,Ethel,Riverside
308,Yetty,@yopmail.com,29-Sep-30,Sissy,Amritsar
309,Hayley,@yopmail.com,15-Feb-76,Elfreda,Wonsan
310,Emilia,@yopmail.com,02-Jan-73,Amelia,Sri Jayawardenapura-Kotte
311,Kathi,@yopmail.com,22-Jan-50,Alyda,Gdańsk
312,Winifred,@yopmail.com,08-Oct-17,Lexine,Toronto
313,Konstance,@yopmail.com,13-Jun-26,Latisha,San Salvador
314,Rubie,@yopmail.com,15-Nov-06,Corly,Fredericton
315,Bobbi,@yopmail.com,02-Sep-58,Clarice,Cairo
316,Maridel,@yopmail.com,24-Aug-16,Frances,Denver
317,Yolane,@yopmail.com,03-Apr-20,Kirbee,Port Blair
318,Johna,@yopmail.com,13-Oct-69,Vanessa,Nukuʻalofa
319,Kristina,@yopmail.com,23-Jun-95,Caritta,Okinawa
320,Trudie,@yopmail.com,27-May-44,Minda,Gold Coast
321,Aimil,@yopmail.com,15-Mar-20,Selma,Port Said
322,Susan,@yopmail.com,29-Mar-82,Brynna,Cockburn Town
323,Dawn,@yopmail.com,17-Jul-11,Roz,Puebla
324,Jany,@yopmail.com,30-Aug-05,Eugine,Dodoma
325,Reeba,@yopmail.com,03-Aug-89,Ivett,Lahore
326,Joceline,@yopmail.com,16-Mar-58,Jaclyn,Dunedin
327,Millie,@yopmail.com,19-Mar-08,Lilith,Cairo
328,Bibby,@yopmail.com,17-Mar-35,Bettine,Sapporo
329,Tilly,@yopmail.com,22-Aug-62,Ingrid,Berlin
330,Rayna,@yopmail.com,16-May-84,Livvyy,Ouagadougou
331,Lorenza,@yopmail.com,18-May-42,Kathy,Samara
332,Stacey,@yopmail.com,10-Dec-74,Viki,Wichita
333,Nataline,@yopmail.com,06-Oct-93,Claudina,Labasa
334,Ekaterina,@yopmail.com,24-Oct-65,Emylee,Algiers
335,Dulce,@yopmail.com,27-Jan-05,Carly,New Orleans
336,Lynde,@yopmail.com,01-Mar-48,Livvyy,Newcastle
337,Diena,@yopmail.com,22-Jun-20,Emilia,Cincinnati
338,Cathyleen,@yopmail.com,27-May-29,Jany,Algiers
339,Shel,@yopmail.com,21-Jul-39,Jenda,Ludhiana
340,Max,@yopmail.com,15-Mar-09,Tina,Alofi
341,Jorry,@yopmail.com,11-Dec-48,Edith,Miami
342,Renie,@yopmail.com,13-Aug-05,Elise,Perth
343,Nita,@yopmail.com,09-Jul-91,Tatiania,Jayapura
344,Genevra,@yopmail.com,20-Dec-55,Willetta,Miri
345,Libbie,@yopmail.com,12-Sep-27,Blondelle,Managua
346,Belva,@yopmail.com,04-Oct-06,Florencia,Marrakech
347,Carlie,@yopmail.com,12-Apr-55,Fina,Thimphu
348,Marguerite,@yopmail.com,13-Dec-90,Dorene,Abu Dhabi
349,Gavrielle,@yopmail.com,22-Sep-78,Hermione,Thessaloniki
350,Audrie,@yopmail.com,19-May-78,Dacia,Kolkata
351,Merry,@yopmail.com,13-Aug-80,Kate,Saipan
352,Courtnay,@yopmail.com,15-Jan-58,Joeann,Bahía Blanca
353,Sonni,@yopmail.com,09-Jan-31,Priscilla,Kota Bharu
354,Marleah,@yopmail.com,13-Mar-64,Lanae,Jayapura
355,Yvonne,@yopmail.com,06-Feb-89,Adele,Singapore
356,Dacia,@yopmail.com,08-Feb-02,Abbie,El Paso
357,Norine,@yopmail.com,13-Oct-00,Emilia,Perth
358,Gaylene,@yopmail.com,30-May-95,Gui,St. Louis
359,Heddie,@yopmail.com,21-Apr-01,Mahalia,Buffalo
360,Mildrid,@yopmail.com,03-Dec-69,Minne,Hanover
361,Melisent,@yopmail.com,29-Jul-09,Katuscha,Campo Grande
362,Kenna,@yopmail.com,12-Jan-04,Eve,Andorra la Vella
363,Jasmina,@yopmail.com,12-Jul-73,Mady,Kingstown
364,Ronna,@yopmail.com,31-Mar-78,Queenie,Kraków
365,Dorice,@yopmail.com,09-Aug-06,Kirstin,Samara
366,Pearline,@yopmail.com,27-May-57,Glynnis,Tripoli
367,Margarette,@yopmail.com,13-Sep-69,Adele,Monaco
368,Mara,@yopmail.com,03-Jul-03,Alia,Toronto
369,Vita,@yopmail.com,19-Aug-66,June,Nukulaelae
370,Phylis,@yopmail.com,11-Aug-46,Annecorinne,Valdivia
371,Flo,@yopmail.com,07-May-74,Elyssa,Invercargill
372,Stevana,@yopmail.com,02-Mar-59,Siana,Rockhampton
373,Constance,@yopmail.com,25-Apr-64,Jobi,Adana
374,Shel,@yopmail.com,03-Dec-25,Joeann,Vaduz
375,Joeann,@yopmail.com,05-May-25,Marsiella,N'Djamena
376,Gerrie,@yopmail.com,25-Jan-39,Augustine,Iloilo City
377,Concettina,@yopmail.com,26-Oct-47,Angelique,Beijing
378,Diena,@yopmail.com,13-Oct-02,Fayre,Cincinnati
379,Mildrid,@yopmail.com,12-Oct-90,Berget,Providence
380,Dyann,@yopmail.com,27-Aug-59,Riannon,Arequipa
381,Elka,@yopmail.com,06-Sep-23,Cristabel,La Serena
382,Cyndie,@yopmail.com,26-Oct-19,Cacilie,Cincinnati
383,Mureil,@yopmail.com,25-May-55,Tybie,Valparaíso
384,Mureil,@yopmail.com,20-Mar-27,Christal,Koror
385,Eugine,@yopmail.com,27-May-90,Roberta,Kanpur
386,Althea,@yopmail.com,06-Jun-67,Kamilah,Saint-Pierre
387,Paule,@yopmail.com,12-Oct-49,Corly,Port Louis
388,Verla,@yopmail.com,30-Nov-25,Winny,Dallas
389,Marika,@yopmail.com,11-Aug-02,Edyth,Moscow
390,Lanae,@yopmail.com,18-May-21,Ada,Ahmedabad
391,Charmaine,@yopmail.com,04-Jul-47,Barbara,São José dos Campos
392,Shandie,@yopmail.com,19-Sep-00,Marti,Yekaterinburg
393,Emylee,@yopmail.com,14-Jan-19,Shandie,Omdurman
394,Patricia,@yopmail.com,26-Jul-82,Xylina,Nukus
395,Alie,@yopmail.com,19-Jan-79,Cindelyn,Libreville
396,Sheree,@yopmail.com,04-Apr-19,Berta,Iloilo City
397,Alyda,@yopmail.com,07-May-79,Teriann,Seville
398,Ernesta,@yopmail.com,10-Dec-13,Emylee,Stockholm
399,Xylina,@yopmail.com,14-Jun-89,Florie,Port of Spain
400,Theodora,@yopmail.com,29-Jul-10,Kimmy,London
401,Jorry,@yopmail.com,02-Feb-88,Frank,Tabriz
402,Carlie,@yopmail.com,24-Jul-13,Dorice,Cebu City
403,Elena,@yopmail.com,12-Oct-26,Joane,Pretoria
404,Edee,@yopmail.com,04-Jan-09,Cissiee,Conakry
405,Albertina,@yopmail.com,19-Jun-02,Eve,Vitória
406,Lita,@yopmail.com,24-Mar-19,Paule,Pago Pago
407,Annice,@yopmail.com,19-Nov-25,Konstance,Hanga Roa
408,Bettine,@yopmail.com,02-Apr-00,Adele,Dodoma
409,Amii,@yopmail.com,16-Feb-28,Stacey,Angra do Heroísmo
410,Loree,@yopmail.com,28-Jan-01,Annora,Singapore
411,Desirae,@yopmail.com,22-May-94,Paola,Nukuʻalofa
412,Jordan,@yopmail.com,21-Feb-93,Ivett,Ponta Delgada
413,Teddie,@yopmail.com,17-Mar-27,Ericka,Chaguanas
414,Aili,@yopmail.com,21-Jul-19,Vanessa,Huế
415,Dulcinea,@yopmail.com,23-May-19,Judy,Bandung
416,Glynnis,@yopmail.com,24-Jan-93,Dione,Tijuana
417,Gwenneth,@yopmail.com,19-Dec-25,Morganica,Dibrugarh
418,Latisha,@yopmail.com,03-May-73,Meriel,Astana
419,Thalia,@yopmail.com,22-Jan-65,Kathy,İzmir
420,Dominga,@yopmail.com,13-Apr-63,Sindee,Riverside
421,Bee,@yopmail.com,17-Jul-30,Jacquetta,Austin
422,Berget,@yopmail.com,11-Apr-80,Suzette,Providence
423,Cassandra,@yopmail.com,05-May-57,Sindee,Gaziantep
424,Jany,@yopmail.com,23-Apr-07,Mellicent,El Paso
425,Suzette,@yopmail.com,10-Feb-06,Marylou,Thessaloniki
426,Celisse,@yopmail.com,03-Aug-96,Morganica,Cotonou
427,Danika,@yopmail.com,13-Feb-65,Phylis,Balikpapan
428,Dominga,@yopmail.com,08-Apr-77,Nickie,Bangkok
429,Chastity,@yopmail.com,01-Sep-45,Christy,Nairobi
430,Sonni,@yopmail.com,22-Apr-15,Edee,Dushanbe
431,Valera,@yopmail.com,22-Mar-91,Belinda,Campinas
432,Gaylene,@yopmail.com,29-Dec-05,Lolita,Brasília
433,Deane,@yopmail.com,25-Feb-78,Phylis,Porto
434,Ira,@yopmail.com,26-Mar-94,Linet,Sacramento
435,Lonnie,@yopmail.com,07-Jul-67,Justinn,Ulan Bator
436,Ninnetta,@yopmail.com,25-Sep-86,Jordan,Liverpool
437,Christal,@yopmail.com,01-Sep-73,Alex,Malang
438,Xylina,@yopmail.com,14-Jan-14,Joceline,Sydney
439,Elora,@yopmail.com,03-Oct-87,Paulita,Zhengzhou
440,Halette,@yopmail.com,31-Mar-41,Ermengarde,Hai Phong
441,Anallese,@yopmail.com,06-Aug-79,Selma,Willemstad
442,Lindie,@yopmail.com,04-Sep-75,Jackie,Lilongwe
443,Gisela,@yopmail.com,16-Jun-48,Dagmar,Raleigh
444,Mallory,@yopmail.com,18-Feb-05,Sheelagh,Juneau
445,Ofilia,@yopmail.com,04-May-45,Ekaterina,Handan
446,Sherrie,@yopmail.com,21-Jul-02,Linzy,Honiara
447,Anthia,@yopmail.com,24-Jul-86,Pollyanna,Xi'an
448,Lucille,@yopmail.com,04-Mar-67,Trudie,Vancouver
449,Jan,@yopmail.com,24-Jun-53,Tabbatha,Johannesburg
450,Angelique,@yopmail.com,28-Oct-57,Adore,Townsville
451,Raf,@yopmail.com,24-Jan-17,Elena,Kandahar
452,Rozele,@yopmail.com,02-Jun-79,Kittie,Tirana
453,Leontine,@yopmail.com,23-Sep-96,Blake,Quebec City
454,Sherrie,@yopmail.com,14-Apr-72,Joelly,Valencia
455,Sashenka,@yopmail.com,01-Nov-76,Jenilee,Multan
456,Jenda,@yopmail.com,17-Nov-86,Jean,Pekanbaru
457,Myrtice,@yopmail.com,07-Nov-74,Tera,Ho Chi Minh City
458,Consuela,@yopmail.com,06-Oct-28,Brana,Nagpur
459,Marika,@yopmail.com,25-Apr-87,Janeczka,Antofagasta
460,Johna,@yopmail.com,05-Apr-06,Noelle,Anchorage
461,Kylynn,@yopmail.com,30-Jan-87,Susette,Vitória
462,Marylou,@yopmail.com,31-Dec-55,Amara,Hat Yai
463,Zaria,@yopmail.com,06-Jan-45,Ileana,Madrid
464,Phedra,@yopmail.com,04-Jun-34,Rhoda,Charlotte Amalie
465,Farrah,@yopmail.com,30-Nov-19,Ginnie,Semarang
466,Clementine,@yopmail.com,23-Jul-81,Kathy,Dar es Salaam
467,Lauryn,@yopmail.com,28-Jul-90,Lanna,Kaesong
468,Hollie,@yopmail.com,29-Jun-64,Alejandra,Abuja
469,Oona,@yopmail.com,01-Mar-60,Minne,Sacramento
470,Tami,@yopmail.com,30-Oct-13,Nessie,Antananarivo
471,Jenda,@yopmail.com,02-Dec-67,Pollyanna,Santa Cruz de Tenerife
472,Myriam,@yopmail.com,31-Jan-34,Natka,Banjul
473,Aimil,@yopmail.com,16-Jul-57,Karena,Townsville
474,Amara,@yopmail.com,12-Feb-29,Di,Banda Aceh
475,Heddie,@yopmail.com,30-Jan-35,Katharina,Chicago
476,Corina,@yopmail.com,26-May-13,Berta,Geelong
477,Gertrud,@yopmail.com,28-Jul-09,Goldie,Maseru
478,Benita,@yopmail.com,28-Sep-17,Melodie,Winnipeg
479,Daphne,@yopmail.com,30-Jan-88,Lorie,São José dos Campos
480,Arlina,@yopmail.com,10-Jun-05,Jeanna,Chengdu
481,Alie,@yopmail.com,05-Jan-94,Madeleine,Turin
482,Lyssa,@yopmail.com,15-Oct-48,Joane,Detroit
483,Jenilee,@yopmail.com,29-Nov-99,Carmela,Malé
484,Carree,@yopmail.com,25-Jul-66,Fanchon,Paris
485,Miquela,@yopmail.com,10-Oct-15,June,Yekaterinburg
486,Daune,@yopmail.com,24-Nov-59,Nessie,Sucre
487,Helena,@yopmail.com,05-Jun-69,Roz,Mogadishu
488,Courtnay,@yopmail.com,13-Feb-73,Mara,Ambon
489,Cherrita,@yopmail.com,24-Jan-48,Nicoli,Manaus
490,Emylee,@yopmail.com,04-Feb-49,Lita,Wuhan
491,Annabela,@yopmail.com,17-Aug-17,Edith,San Juan
492,June,@yopmail.com,05-Apr-79,Ronna,Porto-Novo
493,Angela,@yopmail.com,16-Mar-72,Orelia,Nanning
494,Goldie,@yopmail.com,01-Feb-65,Paola,Kandy
495,Susan,@yopmail.com,28-Jan-41,Amara,Mata-Utu
496,Carree,@yopmail.com,30-Dec-45,Korrie,Kanpur
497,Basia,@yopmail.com,30-Nov-04,Ashlee,Mamoudzou
498,Sonni,@yopmail.com,24-Jun-05,Louella,Salt Lake City
499,Dulcinea,@yopmail.com,11-Oct-19,Fanny,London
500,Steffane,@yopmail.com,24-Jan-17,Giustina,Phoenix
501,Sabina,@yopmail.com,04-May-17,Hallie,Lhasa
502,Moyna,@yopmail.com,18-Jan-85,Emelina,La Paz
503,Augustine,@yopmail.com,05-Feb-39,Shannah,St. Louis
504,Teriann,@yopmail.com,16-Aug-18,Marleah,Honolulu
505,Trudie,@yopmail.com,01-Apr-40,Regina,Bishkek
506,Jan,@yopmail.com,04-Dec-47,Keelia,Ilhéus
507,Dede,@yopmail.com,31-Dec-58,Emilia,Aarhus
508,Bill,@yopmail.com,05-Mar-76,Aurelie,Sana'a
509,Jennica,@yopmail.com,28-Apr-80,Catharine,Santa Cruz de Tenerife
510,Lorie,@yopmail.com,10-Oct-14,Allyce,Vitória
511,Betta,@yopmail.com,06-Sep-54,Emmey,San José
512,Ida,@yopmail.com,16-Dec-11,Berta,Nukulaelae
513,Shauna,@yopmail.com,26-Jun-06,Eolanda,Ipoh
514,Sharai,@yopmail.com,14-Sep-22,Betta,Novosibirsk
515,Fanny,@yopmail.com,17-Mar-65,Meg,Bamako
516,Kylynn,@yopmail.com,02-Mar-12,Oona,Milan
517,Rosene,@yopmail.com,28-Dec-92,Alexine,Almaty
518,Alexine,@yopmail.com,19-Jan-95,Fina,Quezon City
519,Nita,@yopmail.com,20-Jul-22,Steffane,London
520,Claresta,@yopmail.com,27-Jan-99,Sara-Ann,Rosario
521,Lita,@yopmail.com,12-Feb-87,Barbi,Astana
522,Sabina,@yopmail.com,05-Sep-51,Eadie,Manzini
523,Adelle,@yopmail.com,31-Jul-01,Althea,Belfast
524,Chickie,@yopmail.com,15-May-66,Gusella,Porto Alegre
525,Josephine,@yopmail.com,17-May-03,Asia,Amsterdam
526,Clary,@yopmail.com,06-Sep-60,Bibby,Arbil
527,Peri,@yopmail.com,17-Dec-90,Silvana,San José
528,Maye,@yopmail.com,13-Oct-16,Lynnea,Charlotte
529,Coral,@yopmail.com,06-Mar-18,Inga,Brasília
530,Nerta,@yopmail.com,22-Aug-08,Renie,Cuiabá
531,Odessa,@yopmail.com,25-Aug-78,Allyce,Yaoundé
532,Damaris,@yopmail.com,03-May-04,Genovera,Alor Star
533,Alejandra,@yopmail.com,15-Nov-09,Aryn,Shenyang
534,Jere,@yopmail.com,04-Sep-58,Basia,Vilnius
535,Malina,@yopmail.com,26-May-17,Fayre,Tórshavn
536,Jacquetta,@yopmail.com,29-Aug-71,Linzy,Denpasar
537,Brena,@yopmail.com,29-Dec-06,Jere,Manila
538,Brianna,@yopmail.com,24-Feb-29,Gilda,Shillong
539,Ann-Marie,@yopmail.com,16-Oct-93,Nyssa,Jaipur
540,Stephanie,@yopmail.com,14-Oct-00,Desirae,Düsseldorf
541,Etta,@yopmail.com,04-Sep-36,Kayla,Bulawayo
542,Johna,@yopmail.com,03-May-84,Zsa Zsa,Barcelona
543,Jere,@yopmail.com,29-Aug-13,Sophia,La Paz
544,Feliza,@yopmail.com,28-Mar-57,Alex,Sitka
545,Raf,@yopmail.com,14-Apr-37,Hollie,Dhaka
546,Desirae,@yopmail.com,10-Jan-85,Jacquetta,Gdańsk
547,Max,@yopmail.com,19-Oct-19,Cordi,Mumbai
548,Ezmeralda,@yopmail.com,11-Jan-07,Cissiee,Buffalo
549,Jaclyn,@yopmail.com,02-May-91,Brynna,Assis
550,Minda,@yopmail.com,11-Oct-13,Kara-Lynn,Pristina
551,Tarra,@yopmail.com,22-Apr-14,Misha,Malabo
552,Larine,@yopmail.com,13-Mar-45,Layla,Santa Cruz de la Sierra
553,Delilah,@yopmail.com,17-Jul-02,Jolyn,Phnom Penh
554,Dennie,@yopmail.com,06-Aug-88,Imojean,Kota Bharu
555,Ernesta,@yopmail.com,01-Sep-11,Lynea,Sydney
556,Catrina,@yopmail.com,24-Mar-11,Raquela,Turin
557,Merry,@yopmail.com,06-Jan-15,Dorene,Porto Velho
558,Catrina,@yopmail.com,18-Dec-52,Flo,Miri
559,Hayley,@yopmail.com,21-May-09,Xylina,Seville
560,Felice,@yopmail.com,23-Mar-10,Cathie,Belfast
561,Fred,@yopmail.com,23-Jul-52,Shauna,Ambon
562,Ayn,@yopmail.com,15-Sep-03,Chandra,Hat Yai
563,Vinita,@yopmail.com,07-Dec-54,Cristabel,Fort-de-France
564,Sallie,@yopmail.com,14-Mar-53,Gwenneth,Tijuana
565,Pearline,@yopmail.com,23-Dec-51,Nelle,Patna
566,Joelly,@yopmail.com,06-Sep-69,Krystle,Las Vegas
567,Steffane,@yopmail.com,01-Jul-14,Cordi,Gaziantep
568,Tani,@yopmail.com,16-Oct-07,Morganica,Dushanbe
569,Estell,@yopmail.com,05-Mar-27,Stephanie,Invercargill
570,Lolita,@yopmail.com,27-May-11,Lanae,Kingston
571,Sean,@yopmail.com,07-Sep-16,Carolina,Dammam
572,Nannie,@yopmail.com,25-Sep-79,Winifred,Port Hedland
573,Tamqrah,@yopmail.com,30-Jul-44,Louella,Bucharest
574,Janeczka,@yopmail.com,25-Oct-22,Cordi,Kota Kinabalu
575,Doro,@yopmail.com,19-Mar-37,Xylina,Philadelphia
576,Arlina,@yopmail.com,12-Mar-80,Ronna,Cartagena
577,Edyth,@yopmail.com,23-Nov-70,Kara-Lynn,Nanjing
578,Kelly,@yopmail.com,24-Nov-00,Florencia,Thiès
579,Bill,@yopmail.com,04-Apr-18,Claudina,Dunedin
580,Concettina,@yopmail.com,22-Jun-90,Ulrike,Maseru
581,Tani,@yopmail.com,02-Jun-98,Natka,Nanjing
582,Jeanna,@yopmail.com,23-Nov-91,Kalina,Calgary
583,Corry,@yopmail.com,12-Jun-33,Janenna,Kandahar
584,Daune,@yopmail.com,24-Jan-87,Kara-Lynn,Brazzaville
585,Tobe,@yopmail.com,23-Aug-15,Lynde,Port Elizabeth
586,Harmonia,@yopmail.com,26-Feb-46,Doralynne,Espoo
587,Donetta,@yopmail.com,03-Apr-11,Gerianna,Daegu
588,Minne,@yopmail.com,27-Jan-79,Leona,Wichita
589,Agathe,@yopmail.com,29-May-63,Priscilla,Brasília
590,Kate,@yopmail.com,26-May-25,Hettie,Hong Kong
591,Edith,@yopmail.com,13-Sep-55,Barbi,Vaduz
592,Anestassia,@yopmail.com,04-Nov-54,Jessamyn,Jamestown
593,Lorie,@yopmail.com,19-Mar-08,Perry,Majuro
594,Claresta,@yopmail.com,20-Nov-85,Krystle,Rockhampton
595,Lorne,@yopmail.com,03-May-07,Malina,Manchester
596,Rosanne,@yopmail.com,02-May-78,Arabel,Sitka
597,Bettine,@yopmail.com,17-Jul-78,Marguerite,Mexico City
598,Trudie,@yopmail.com,11-Apr-02,Beatriz,Da Nang
599,Josephine,@yopmail.com,02-Jun-96,Cherrita,Pyongyang
600,Michaelina,@yopmail.com,11-Nov-95,Wilma,Kanpur
601,Stephanie,@yopmail.com,19-Dec-66,Marcy,Rosario
602,Sophia,@yopmail.com,26-Feb-02,Iseabal,Zhengzhou
603,Jean,@yopmail.com,09-Oct-00,Jolyn,Yekaterinburg
604,Fernande,@yopmail.com,03-Dec-72,Giustina,Yamoussoukro
605,Drucie,@yopmail.com,27-Sep-44,Aurelie,Whitehorse
606,Sissy,@yopmail.com,20-Apr-00,Carree,Antwerp
607,Basia,@yopmail.com,31-Jul-63,Wileen,Funafuti
608,Flory,@yopmail.com,05-May-13,Raina,São Tomé
609,Ermengarde,@yopmail.com,10-Dec-59,Debee,Vaduz
610,Norine,@yopmail.com,16-Apr-58,Melina,Brasília
611,Sarette,@yopmail.com,22-Aug-09,Lanna,Ho Chi Minh City
612,Selma,@yopmail.com,29-Aug-40,Margalo,Shenzhen
613,Celestyna,@yopmail.com,08-Jan-12,Jany,Adamstown
614,Elvira,@yopmail.com,07-Oct-30,Caressa,Guwahati
615,Emma,@yopmail.com,26-Dec-46,Gabi,Wonsan
616,Alejandra,@yopmail.com,25-May-37,Nollie,Chengdu
617,Hannis,@yopmail.com,01-Mar-65,Arabel,Mumbai
618,Deane,@yopmail.com,19-Mar-61,Tarra,Freetown
619,Gabi,@yopmail.com,14-Aug-97,Inga,Chuí
620,Adele,@yopmail.com,24-Nov-23,Kylynn,Cusco
621,Hollie,@yopmail.com,11-Apr-35,Esmeralda,Chengdu
622,Johna,@yopmail.com,03-Mar-24,Willetta,Kinshasa
623,Alejandra,@yopmail.com,25-Dec-42,Liana,Bratislava
624,Kelly,@yopmail.com,28-Nov-87,Bill,Vitória
625,Nariko,@yopmail.com,13-Sep-39,Mariann,Rome
626,Catharine,@yopmail.com,15-Dec-84,Dorene,Las Palmas de Gran Canaria
627,Tybie,@yopmail.com,05-Oct-95,Maye,São Paulo
628,Lilith,@yopmail.com,09-Nov-34,Kellen,Handan
629,Clary,@yopmail.com,04-Oct-10,Tabbatha,Bratislava
630,Britni,@yopmail.com,01-May-64,Judy,Maputo
631,Ninnetta,@yopmail.com,27-Dec-84,Genovera,Barcelona
632,Zaria,@yopmail.com,16-Nov-91,Madeleine,Wuhan
633,Esmeralda,@yopmail.com,22-Nov-27,Lindie,Pune
634,Nanete,@yopmail.com,18-Feb-90,Lynea,Thiès
635,Adore,@yopmail.com,07-Jan-45,Caryl,Mérida
636,Ida,@yopmail.com,01-Dec-36,Britni,London
637,Wanda,@yopmail.com,03-Jan-18,Lexine,Santiago
638,Nadine,@yopmail.com,22-Oct-91,Karina,Vaduz
639,Jaime,@yopmail.com,20-Apr-07,Elora,Wuhan
640,Joelly,@yopmail.com,19-May-85,Roseline,Nanjing
641,Sashenka,@yopmail.com,22-Nov-48,Monika,Assis
642,Roslyn,@yopmail.com,16-Nov-79,Janey,Ho Chi Minh City
643,Ariela,@yopmail.com,21-Jun-75,Letizia,Basse-Terre
644,Maud,@yopmail.com,27-Apr-00,Gabi,Abu Dhabi
645,Tera,@yopmail.com,22-Sep-71,Krystle,Providence
646,Cam,@yopmail.com,04-May-38,Cassandra,Newcastle
647,Tersina,@yopmail.com,02-Oct-14,Vita,Málaga
648,Hildegaard,@yopmail.com,08-Apr-51,Lory,City of San Marino
649,Charlena,@yopmail.com,16-Sep-70,Aigneis,Santiago de Cuba
650,Kathi,@yopmail.com,29-Jun-98,Aubrie,Gold Coast
651,Bee,@yopmail.com,16-Dec-56,Desirae,Guadalajara
652,Layla,@yopmail.com,01-Jan-66,Tobe,Cairo
653,Mara,@yopmail.com,22-Oct-14,Anestassia,Glasgow
654,Leeanne,@yopmail.com,01-Sep-91,Merrie,Anchorage
655,Ardeen,@yopmail.com,30-Aug-99,Kimberley,Mandurah
656,Hollie,@yopmail.com,02-May-31,Anestassia,Mwanza
657,Jaclyn,@yopmail.com,13-Jul-47,Imojean,New Delhi
658,Nadine,@yopmail.com,14-Oct-51,Christal,Magadan
659,Shaine,@yopmail.com,06-Sep-56,Cam,Lhasa
660,Merry,@yopmail.com,19-Nov-01,Blinni,The Hague
661,Hayley,@yopmail.com,30-Nov-83,Christian,Espoo
662,Maryellen,@yopmail.com,01-Nov-96,Arlina,Philadelphia
663,Berta,@yopmail.com,30-Sep-01,Petronia,Mendoza
664,Dede,@yopmail.com,04-Sep-09,Mathilda,Lomé
665,Atlanta,@yopmail.com,25-Feb-15,Modestia,Rotterdam
666,Gisela,@yopmail.com,22-Aug-12,Kary,Graz
667,Lorie,@yopmail.com,10-Jun-09,Ottilie,Ankara
668,Hannis,@yopmail.com,23-Mar-50,Gui,Vitória
669,Livvyy,@yopmail.com,30-Jan-20,Jenda,Wonsan
670,Jaclyn,@yopmail.com,29-Aug-12,Johna,Jersey City
671,Emelina,@yopmail.com,12-May-03,Jaclyn,Pelotas
672,Ethel,@yopmail.com,08-Oct-56,Mariele,Durban
673,Benita,@yopmail.com,10-Apr-21,Tiffie,Douglas
674,Xylina,@yopmail.com,20-Apr-38,Nadine,Djibouti (city)
675,Queenie,@yopmail.com,10-Aug-69,Lanna,Nukulaelae
676,Amii,@yopmail.com,14-Nov-01,Sandie,Denver
677,Daphne,@yopmail.com,10-Nov-49,Dania,Pago Pago
678,Claresta,@yopmail.com,04-Dec-12,Carmencita,Kabul
679,Cristabel,@yopmail.com,28-May-70,Catrina,Mumbai
680,Carol-Jean,@yopmail.com,15-Apr-94,Ebonee,Bamako
681,Lorne,@yopmail.com,06-Jul-40,Netty,Kansas City
682,Lexine,@yopmail.com,16-Jun-50,Tobe,Tehran
683,Raquela,@yopmail.com,02-Sep-34,Laurene,São Paulo
684,Peri,@yopmail.com,01-Jun-04,Britte,Tripoli
685,Linet,@yopmail.com,14-Feb-19,Maurene,Seoul
686,Max,@yopmail.com,24-Feb-13,Tamqrah,Bridgetown
687,Pollyanna,@yopmail.com,29-Aug-63,Goldie,Fukuoka
688,Joceline,@yopmail.com,03-Apr-83,Katuscha,Dublin
689,Sandie,@yopmail.com,10-Dec-27,Alexine,Livingstone
690,Reeba,@yopmail.com,21-Aug-81,Kore,Ponta Delgada
691,Lexine,@yopmail.com,13-Feb-10,Celisse,Lilongwe
692,Romona,@yopmail.com,04-May-05,Lesly,Palembang
693,Gilligan,@yopmail.com,29-Jun-63,Carree,Newcastle
694,Dennie,@yopmail.com,31-May-58,Fanchon,Manaus
695,Chloris,@yopmail.com,24-Apr-54,Ronna,Oranjestad
696,Clo,@yopmail.com,27-Dec-64,Helsa,Medan
697,Frances,@yopmail.com,19-Jun-56,Dorene,Medina
698,Gwyneth,@yopmail.com,15-Jun-59,Esmeralda,Abu Dhabi
699,Lonnie,@yopmail.com,09-Sep-19,Donnie,Managua
700,Queenie,@yopmail.com,21-Oct-02,Cyb,Norilsk
701,Marylou,@yopmail.com,29-Jun-90,Zaria,Boa Vista
702,Eadie,@yopmail.com,31-Aug-18,Shannah,Pyongyang
703,Andeee,@yopmail.com,24-May-67,Lila,Tirana
704,Aurelie,@yopmail.com,07-Mar-80,Shirlee,Valencia
705,Sashenka,@yopmail.com,04-May-08,Maurene,Santo Domingo
706,Livvyy,@yopmail.com,30-Sep-17,Sherrie,Houston
707,Livvyy,@yopmail.com,07-Apr-34,Max,Nuuk
708,Halette,@yopmail.com,25-Mar-06,Carol-Jean,Douala
709,Moyna,@yopmail.com,11-Jan-03,Britte,Amman
710,Annecorinne,@yopmail.com,25-Feb-20,Madalyn,Aarhus
711,Tamqrah,@yopmail.com,27-Aug-38,Zaria,Qingdao
712,Harmonia,@yopmail.com,23-Apr-76,Edee,Minsk
713,Tomasina,@yopmail.com,30-Aug-86,Lucille,Fortaleza
714,Kore,@yopmail.com,02-Aug-02,Emelina,Lisbon
715,Annice,@yopmail.com,11-Dec-64,Hayley,Madrid
716,Leia,@yopmail.com,03-Jun-44,Larine,Vientiane
717,Mellicent,@yopmail.com,08-Mar-18,Nadine,Las Palmas de Gran Canaria
718,Ellette,@yopmail.com,05-Mar-16,Viviene,Bujumbura
719,Kelly,@yopmail.com,10-Oct-61,Shirlee,San Salvador
720,Deane,@yopmail.com,17-Jan-16,Arlena,Cockburn Town
721,Mahalia,@yopmail.com,17-Dec-23,Misha,Belfast
722,Amii,@yopmail.com,14-May-09,Ardenia,Calama
723,Aryn,@yopmail.com,25-Feb-72,Sarette,Odessa
724,Melina,@yopmail.com,29-Sep-03,Wendi,İzmir
725,Tani,@yopmail.com,25-Apr-29,Lita,Kuwait City
726,Lulita,@yopmail.com,17-Apr-60,Stevana,Strasbourg
727,Genevra,@yopmail.com,18-Oct-16,Aubrie,Niamey
728,Valera,@yopmail.com,06-Feb-84,Blake,Gibraltar
729,Gui,@yopmail.com,05-Feb-13,Jan,Konya
730,Misha,@yopmail.com,11-Sep-08,Kenna,Dammam
731,Dolli,@yopmail.com,20-Jan-80,Tonia,Udon Thani
732,Ulrike,@yopmail.com,30-Jan-07,Korrie,Zapopan
733,Fernande,@yopmail.com,28-Jun-62,Randa,Podgorica
734,Sean,@yopmail.com,13-Apr-33,Lily,Mecca
735,Moyna,@yopmail.com,02-Jan-28,Kelly,Pristina
736,Nicoli,@yopmail.com,12-Feb-37,Shaylyn,Johannesburg
737,Stephanie,@yopmail.com,16-May-00,Augustine,Sapporo
738,Tomasina,@yopmail.com,17-Jun-01,Elka,Miami
739,Joelly,@yopmail.com,04-Sep-94,Thalia,Kyoto
740,Beth,@yopmail.com,03-Apr-11,Harrietta,Lucknow
741,Maye,@yopmail.com,13-Aug-76,Allyce,Nanning
742,Rivalee,@yopmail.com,17-Mar-90,Phylis,Washington
743,Jsandye,@yopmail.com,04-Aug-51,Jaime,Milwaukee
744,Jessy,@yopmail.com,22-Feb-12,Caressa,Tiraspol
745,Kellen,@yopmail.com,29-Sep-18,Cherilyn,Greenwich
746,Jorry,@yopmail.com,28-Oct-96,Renie,Lomé
747,Codie,@yopmail.com,13-Apr-58,Ulrike,Kaliningrad
748,Mariann,@yopmail.com,04-Sep-98,Carmela,Fairbanks
749,Shel,@yopmail.com,29-Jan-70,Sue,Adelaide
750,Kara-Lynn,@yopmail.com,20-Aug-25,Hallie,Canberra
751,Tina,@yopmail.com,26-Nov-48,Elise,Norilsk
752,Jorry,@yopmail.com,19-May-05,Deirdre,Apia
753,Jere,@yopmail.com,22-Jul-02,Gale,Seoul
754,Chastity,@yopmail.com,09-May-08,Dominga,Philadelphia
755,Sabina,@yopmail.com,17-Nov-08,Cissiee,Detroit
756,Chastity,@yopmail.com,02-Jun-07,Paola,Manila
757,Andeee,@yopmail.com,15-Apr-17,Elfreda,Tokyo
758,Jackie,@yopmail.com,21-Mar-10,Rani,Lusaka
759,Codie,@yopmail.com,28-Sep-24,Adriana,Ponta Delgada
760,Belinda,@yopmail.com,25-Apr-62,Karly,Brikama
761,Arabel,@yopmail.com,12-Jun-27,Marline,Ankara
762,Ingrid,@yopmail.com,23-Jan-10,Zia,Porto Velho
763,Aurelie,@yopmail.com,26-Apr-05,Evita,São José dos Campos
764,Dari,@yopmail.com,08-Jun-72,Almeta,Bratislava
765,Meghann,@yopmail.com,08-Apr-48,Edith,Johannesburg
766,Arlena,@yopmail.com,07-Jul-60,Chastity,Taiyuan
767,Kore,@yopmail.com,19-Apr-52,Alameda,Ahmedabad
768,Oona,@yopmail.com,14-Sep-42,Stephanie,Bergen
769,Kelly,@yopmail.com,05-Feb-12,Blondelle,Peshawar
770,Brana,@yopmail.com,11-Jul-71,Meriel,Niamey
771,Ricky,@yopmail.com,28-Jul-87,Cherilyn,San Carlos de Bariloche
772,Bernie,@yopmail.com,20-Apr-15,Marcelline,Rabat
773,Desirae,@yopmail.com,16-Oct-50,Joleen,Nagpur
774,Carree,@yopmail.com,11-Nov-36,Aili,Lisbon
775,Helsa,@yopmail.com,19-Aug-81,Kalina,Tehran
776,Raquela,@yopmail.com,06-Apr-12,Marcelline,Belém
777,Peri,@yopmail.com,07-Oct-10,Riannon,Durban
778,Deirdre,@yopmail.com,24-May-78,Elbertina,Okinawa
779,Vevay,@yopmail.com,03-May-14,Lynea,Sri Jayawardenapura-Kotte
780,Lizzie,@yopmail.com,13-Nov-18,Modestia,Tianjin
781,Alisha,@yopmail.com,29-Apr-53,Tera,Copenhagen
782,Leeanne,@yopmail.com,09-Jul-77,Bee,Cayenne
783,Gabriellia,@yopmail.com,18-Dec-50,Vevay,Miri
784,Orsola,@yopmail.com,01-Nov-20,Celisse,Dublin
785,Annora,@yopmail.com,03-Sep-23,Lelah,Chicago
786,Cyndie,@yopmail.com,20-Aug-70,Maurene,San Antonio
787,Alyda,@yopmail.com,25-Oct-95,Florie,Bamako
788,Anallese,@yopmail.com,27-May-14,Anica,Djibouti (city)
789,Althea,@yopmail.com,05-Jun-20,Joane,Lviv
790,Gaylene,@yopmail.com,11-May-00,Nikki,Thimphu
791,Meghann,@yopmail.com,28-Aug-00,Mahalia,Amsterdam
792,Roslyn,@yopmail.com,09-Aug-45,Genovera,Karachi
793,Arlina,@yopmail.com,10-Oct-40,Albertina,Damascus
794,Starla,@yopmail.com,16-Mar-26,Kirbee,Batticaloa
795,Nonnah,@yopmail.com,22-Jun-15,Marnia,Multan
796,Vita,@yopmail.com,23-Jan-24,Tybie,Omdurman
797,Albertina,@yopmail.com,10-Jun-24,Devina,Amman
798,Chloris,@yopmail.com,03-Apr-15,Madalyn,Surabaya
799,Elsie,@yopmail.com,03-Sep-54,Charmaine,Tallinn
800,Diena,@yopmail.com,30-Nov-20,Frances,Washington
801,Ingrid,@yopmail.com,29-Sep-15,Selia,Cairns
802,Rebeca,@yopmail.com,20-Aug-80,Tani,Xi'an
803,Marguerite,@yopmail.com,19-Dec-15,Tonia,Canberra
804,Livvyy,@yopmail.com,06-Aug-08,Sheree,Tórshavn
805,Kathi,@yopmail.com,18-Aug-45,Kial,Innsbruck
806,Angela,@yopmail.com,16-Jun-19,Rhoda,Kuching
807,Estell,@yopmail.com,19-Mar-32,Phylis,Enugu
808,Rosabelle,@yopmail.com,15-Apr-09,Therine,Oslo
809,Krystle,@yopmail.com,01-Jan-74,Chickie,Saipan
810,Ileana,@yopmail.com,23-Sep-56,Inga,Portland
811,Shannah,@yopmail.com,03-Feb-22,Anallese,Murmansk
812,Cyndie,@yopmail.com,03-Nov-19,Carol-Jean,Managua
813,Lynea,@yopmail.com,21-Jul-86,Frances,Boa Vista
814,Beth,@yopmail.com,25-Sep-04,Doro,Aarhus
815,Angela,@yopmail.com,28-Feb-09,Elena,Bratislava
816,Rochette,@yopmail.com,21-Jun-08,Myriam,Gold Coast
817,Damaris,@yopmail.com,15-Nov-07,Bertine,Sapporo
818,Kenna,@yopmail.com,22-Apr-85,Daune,Calama
819,Aimil,@yopmail.com,11-Apr-46,Emelina,Invercargill
820,Sam,@yopmail.com,28-Jan-16,Dione,Sapporo
821,Gabi,@yopmail.com,04-Apr-08,Sallie,Abu Dhabi
822,Grier,@yopmail.com,08-Nov-01,Doralynne,Sana'a
823,Tomasina,@yopmail.com,11-Jun-70,Genovera,Shenyang
824,Pollyanna,@yopmail.com,03-Jan-52,Tressa,Tucson
825,Odessa,@yopmail.com,10-May-09,Ronna,Lima
826,Melanie,@yopmail.com,18-Feb-04,Leona,Abidjan
827,Consuela,@yopmail.com,24-Jun-00,Alameda,Fort-de-France
828,Damaris,@yopmail.com,29-Nov-67,Aurelie,Petropavlovsk-Kamchatsky
829,Sheree,@yopmail.com,18-Nov-79,Hollie,Wichita
830,Merrie,@yopmail.com,15-Dec-36,Valera,Darwin
831,Andree,@yopmail.com,07-Aug-63,Gloria,Faisalabad
832,Nadine,@yopmail.com,11-Jul-78,Codie,Alor Star
833,Brynna,@yopmail.com,25-Nov-61,Janis,Antananarivo
834,Codie,@yopmail.com,24-Aug-63,Jenda,Rome
835,Corina,@yopmail.com,04-May-80,Berta,Port Louis
836,Gerianna,@yopmail.com,23-Oct-61,Nyssa,Guwahati
837,Henriette,@yopmail.com,23-Jul-63,Carmela,Taiyuan
838,Tarra,@yopmail.com,02-Sep-17,Cissiee,Praia
839,Claresta,@yopmail.com,11-Dec-18,Lynea,Columbus
840,Cissiee,@yopmail.com,21-Jul-28,Doralynne,Juneau
841,Alyda,@yopmail.com,13-Aug-35,Lynde,Manzini
842,Lorne,@yopmail.com,25-Jan-76,Joeann,Hangzhou
843,Lorenza,@yopmail.com,10-Jul-24,Lynde,Almaty
844,Jobi,@yopmail.com,07-Jun-14,Jacenta,Padang
845,Gwyneth,@yopmail.com,29-Jun-67,Jenilee,Reykjavík
846,Brena,@yopmail.com,01-Mar-46,Audrie,Lobamba
847,Suzette,@yopmail.com,17-Apr-74,Brynna,Nukus
848,Selma,@yopmail.com,22-Jul-00,Ilse,Pyongyang
849,Olwen,@yopmail.com,20-Jul-87,Florencia,Ibiza
850,Leontine,@yopmail.com,06-Sep-13,Ezmeralda,Yerevan
851,Mahalia,@yopmail.com,15-Jun-04,Sissy,Hiroshima
852,Jaclyn,@yopmail.com,14-Jun-51,Claudina,Tehran
853,Robinia,@yopmail.com,11-Mar-09,Annabela,Tiraspol
854,Trudie,@yopmail.com,24-Jul-02,Lacie,Alexandria
855,Aili,@yopmail.com,08-Jan-40,Melisent,Faisalabad
856,Gretal,@yopmail.com,11-Feb-38,Hope,Kolkata
857,Monika,@yopmail.com,19-Apr-81,Justinn,Santiago de Cuba
858,Brietta,@yopmail.com,28-Oct-08,Tonia,Dili
859,Ardeen,@yopmail.com,05-Apr-58,Dianemarie,Taipei
860,Rayna,@yopmail.com,27-Jun-72,Gusty,Kanpur
861,Jasmina,@yopmail.com,01-Jun-06,Zaria,Brazzaville
862,Tami,@yopmail.com,23-Jul-74,Vivia,Serekunda
863,Desirae,@yopmail.com,02-Jan-60,Glenda,Bloemfontein
864,Shel,@yopmail.com,27-Sep-77,Rosanne,London
865,Norine,@yopmail.com,21-Jan-02,Melodie,Handan
866,Angela,@yopmail.com,17-Feb-84,Sara-Ann,Blantyre
867,Cathyleen,@yopmail.com,01-May-50,Corina,Innsbruck
868,Darlleen,@yopmail.com,20-Dec-28,Jordan,Salt Lake City
869,Jeanna,@yopmail.com,08-Mar-88,Charmaine,Campo Grande
870,Sallie,@yopmail.com,19-Feb-31,Kalina,Regina
871,Marnia,@yopmail.com,03-Jan-19,Mamie,Louisville
872,Alisha,@yopmail.com,10-Feb-81,Lauryn,Chaguanas
873,Nickie,@yopmail.com,24-May-25,Rochette,Alofi
874,Alisha,@yopmail.com,26-Aug-79,Aili,Abidjan
875,Teriann,@yopmail.com,06-Jan-98,Jeanna,Pittsburgh
876,Meg,@yopmail.com,05-Dec-21,Heddie,Srinagar
877,Robinia,@yopmail.com,18-Dec-50,Sheelagh,Makati City
878,Lorenza,@yopmail.com,29-Aug-55,Barbara,Lubumbashi
879,Almeta,@yopmail.com,04-Nov-20,Ericka,Majuro
880,Ebonee,@yopmail.com,14-Mar-06,Fernande,Lhasa
881,Jere,@yopmail.com,30-May-20,Codie,San Antonio
882,Annora,@yopmail.com,16-Apr-03,Coral,Osaka
883,Susan,@yopmail.com,04-Jun-02,Blinni,Faisalabad
884,Brena,@yopmail.com,16-Nov-04,Dorene,Saint Petersburg
885,Leona,@yopmail.com,09-May-56,Agathe,Saint-Pierre
886,Selma,@yopmail.com,06-May-12,Arlina,Hanover
887,Kate,@yopmail.com,03-Dec-24,Adele,Cayenne
888,Di,@yopmail.com,09-Feb-07,Gertrud,Washington
889,Aigneis,@yopmail.com,15-May-99,Cathie,Wonsan
890,Beth,@yopmail.com,28-Aug-79,Rori,Tegucigalpa
891,Pamella,@yopmail.com,03-Mar-61,Brandise,Tianjin
892,Georgina,@yopmail.com,06-Nov-54,Glynnis,Port of Spain
893,Pearline,@yopmail.com,29-Oct-37,Taffy,Düsseldorf
894,Lonnie,@yopmail.com,10-Oct-74,Vere,El Aaiún
895,Netty,@yopmail.com,14-May-75,Justinn,Forked River
896,Vanessa,@yopmail.com,19-Mar-83,Gusella,Quito
897,Steffane,@yopmail.com,01-Jan-82,Henriette,Saskatoon
898,Verla,@yopmail.com,22-Nov-51,Ada,Nicosia
899,Aubrie,@yopmail.com,01-Nov-97,Yvonne,Addis Ababa
900,Kittie,@yopmail.com,19-Dec-04,Di,Conakry
901,Gerianna,@yopmail.com,15-Apr-75,Kellen,Ipoh
902,Bettine,@yopmail.com,09-Jan-92,Estell,Valparaíso
903,Gwyneth,@yopmail.com,06-Apr-08,Kaja,Geelong
904,Fanchon,@yopmail.com,10-Feb-91,Dorene,Kaesong
905,Leeanne,@yopmail.com,29-Oct-95,Dode,Chengdu
906,Cathyleen,@yopmail.com,16-Jun-35,Taffy,Makati City
907,Dania,@yopmail.com,30-Dec-26,Deedee,Iquique
908,Renae,@yopmail.com,05-Jan-11,Evita,Guadalajara
909,Joceline,@yopmail.com,30-Jun-02,Corene,Hamburg
910,Addia,@yopmail.com,02-Dec-16,Malina,Valencia
911,Corina,@yopmail.com,12-May-94,Tilly,Cairns
912,Mildrid,@yopmail.com,04-Jan-10,Randa,Durango
913,Fred,@yopmail.com,27-Jun-88,Dacia,Ushuaia
914,Briney,@yopmail.com,14-Jul-14,Gwyneth,Bulawayo
915,Vevay,@yopmail.com,16-Feb-64,Bernie,Harare
916,Helena,@yopmail.com,10-Oct-14,Gloria,Bern
917,Luci,@yopmail.com,22-Apr-17,Kaia,Boa Vista
918,Arlina,@yopmail.com,23-May-21,Anthia,Jerusalem
919,Jenilee,@yopmail.com,27-Jan-30,Sashenka,Kingston
920,Therine,@yopmail.com,19-Jul-32,Zondra,Majuro
921,Marti,@yopmail.com,17-Dec-77,Sophia,Alofi
922,Wendi,@yopmail.com,07-Apr-34,Kalina,Jeddah
923,Dania,@yopmail.com,10-Dec-23,Carolina,Pekanbaru
924,Tarra,@yopmail.com,25-Jul-17,Georgetta,Chicago
925,Aryn,@yopmail.com,10-Mar-50,Oralee,Anchorage
926,Dulcinea,@yopmail.com,15-Jun-43,Ericka,Istanbul
927,Mignon,@yopmail.com,13-Aug-02,Cherilyn,Sukhumi
928,Janeczka,@yopmail.com,12-Oct-59,Valli,Iloilo City
929,Rosanne,@yopmail.com,30-Sep-04,Netty,Chongjin
930,Gerrie,@yopmail.com,24-Dec-91,Babita,Dallas
931,Sadie,@yopmail.com,19-Aug-56,Cristabel,Surat
932,Elmira,@yopmail.com,05-Dec-55,Misha,Praia
933,Mamie,@yopmail.com,05-Jun-74,Grier,Kuwait City
934,Angela,@yopmail.com,12-Jan-15,Brianna,Alofi
935,Clarice,@yopmail.com,07-Jul-85,Karena,Oranjestad
936,Brandise,@yopmail.com,07-May-95,Frieda,Kunming
937,Ekaterina,@yopmail.com,02-Jun-02,Florie,Tallinn
938,Marita,@yopmail.com,27-Jun-69,Emilia,Kiev
939,Deloria,@yopmail.com,10-Aug-27,Tabbatha,Changchun
940,Natka,@yopmail.com,07-Sep-52,Courtnay,Thessaloniki
941,Cherilyn,@yopmail.com,16-Jun-19,Hayley,New Delhi
942,Ellette,@yopmail.com,20-Jun-67,Gavrielle,Yakutsk
943,Babita,@yopmail.com,24-Sep-09,Carmela,Jeddah
944,Dawn,@yopmail.com,05-Feb-19,Lita,Kano
945,Bill,@yopmail.com,20-Jan-88,Lynde,Valparaíso
946,Florencia,@yopmail.com,18-Mar-90,Blake,Guayaquil
947,Sandie,@yopmail.com,01-Apr-06,Wilma,Tbilisi
948,Tersina,@yopmail.com,14-Aug-71,Jaime,Port Elizabeth
949,Carmela,@yopmail.com,21-Aug-14,Mamie,Jinan
950,Alejandra,@yopmail.com,16-Dec-14,Sybille,Rome
951,Tomasina,@yopmail.com,05-Dec-95,Rani,Seville
952,Norine,@yopmail.com,27-Jan-07,Alex,Freetown
953,Peri,@yopmail.com,07-Mar-33,Marinna,Wollongong
954,Andeee,@yopmail.com,20-Jul-09,Babita,Incheon
955,Aaren,@yopmail.com,29-Dec-02,Jacquetta,Manchester
956,Mireielle,@yopmail.com,07-Oct-49,Gloria,Ottawa
957,Sue,@yopmail.com,12-Aug-18,Jolyn,Sucre
958,Ardeen,@yopmail.com,19-Jun-45,Cherrita,Jayapura
959,Melisent,@yopmail.com,07-Feb-45,Shaylyn,Yerevan
960,Mary,@yopmail.com,21-Aug-34,Marguerite,Caracas
961,Ernesta,@yopmail.com,18-Aug-64,Emma,Suva
962,Rivalee,@yopmail.com,18-Mar-13,Chickie,Riga
963,Ronna,@yopmail.com,14-Aug-44,Halette,Seville
964,Nataline,@yopmail.com,30-Dec-10,Iseabal,Sarajevo
965,Belinda,@yopmail.com,14-Sep-44,Natka,Chaguanas
966,Jeanna,@yopmail.com,16-Mar-99,Bobinette,Ottawa
967,Bill,@yopmail.com,08-Jan-74,Monika,Indianapolis
968,Adore,@yopmail.com,29-May-09,Kristina,Kiev
969,Edee,@yopmail.com,09-Apr-18,Belinda,Tashkent
970,Kimmy,@yopmail.com,04-May-70,Kristan,Rosario
971,Christian,@yopmail.com,09-Nov-96,Lila,Salt Lake City
972,Amalie,@yopmail.com,16-Dec-33,Feliza,Espoo
973,Marguerite,@yopmail.com,01-Nov-06,Mary,Santo Domingo
974,Dania,@yopmail.com,31-Dec-00,Ofilia,Bangkok
975,Myriam,@yopmail.com,28-Aug-40,Judy,Guangzhou
976,Catrina,@yopmail.com,27-May-69,Kerrin,Siem Reap
977,Netty,@yopmail.com,08-Sep-17,Gwenneth,Francistown
978,Feliza,@yopmail.com,06-Mar-18,Donnie,Addis Ababa
979,Claudina,@yopmail.com,11-Nov-34,Jessamyn,Apia
980,Ermengarde,@yopmail.com,08-Dec-93,Claudina,Alexandria
981,Tera,@yopmail.com,30-Apr-54,Stacey,Antwerp
982,Nananne,@yopmail.com,03-Jul-30,Kimmy,Banda Aceh
983,Julieta,@yopmail.com,13-Nov-47,Bobbi,Saint Petersburg
984,Lucy,@yopmail.com,22-Sep-71,Marleah,Brussels
985,Margette,@yopmail.com,22-Jan-71,Hallie,Jacksonville
986,Rosanne,@yopmail.com,27-Jul-05,Meriel,Hilo
987,Helsa,@yopmail.com,24-Jan-46,Ernesta,Tampa
988,Susette,@yopmail.com,06-Nov-18,Oona,La Serena
989,Emelina,@yopmail.com,24-Jan-02,Dawn,Kanpur
990,Leona,@yopmail.com,16-Feb-09,Tarra,Pittsburgh
991,Marleah,@yopmail.com,01-May-06,Eugine,Palembang
992,Gusella,@yopmail.com,09-Nov-49,Chere,Mersin
993,Nananne,@yopmail.com,27-Aug-84,Misha,Bangui
994,Goldie,@yopmail.com,01-Mar-61,Christian,Kuala Lumpur
995,Drucie,@yopmail.com,20-Aug-85,Celene,San Juan
996,Rhea,@yopmail.com,24-Sep-08,Sonni,Ankara
997,Aryn,@yopmail.com,19-May-36,Doralynne,Agartala
998,Gale,@yopmail.com,01-Oct-09,Ardeen,Quebec City
999,Deane,@yopmail.com,29-May-94,Myrtice,Bucharest
1000,Leona,@yopmail.com,23-Jun-94,Elmira,Tampere